Code_Site;Nom_Site;Nom du parking velo;Adresse du parking velo;Geo Shape;geo_point_2d
RGA / PDP;Stade Roland Garros / Parc des Princes;Parking vélo Roland Garros / Parc des Princes - Sarrail;Avenue du Général Sarrail, 75016 Paris;"{""coordinates"": [[[2.255032425239647, 48.84381243673548], [2.255540327311398, 48.84496163570093], [2.255621766778425, 48.84494626442153], [2.255277338325475, 48.84416725521198], [2.255348388776238, 48.84415481480764], [2.255190119097889, 48.8437850425813], [2.255032425239647, 48.84381243673548]]], ""type"": ""Polygon""}";48.8442890497198,2.2553058482373074
PDP;Parc des Princes;Parking vélo Parc des Princes;Place du Général Stefanik, 75016 Paris;"{""coordinates"": [[[2.255916048577305, 48.83956053772046], [2.25601661856662, 48.83958146302308], [2.256036769575076, 48.83953617787126], [2.25625296621619, 48.83958106925475], [2.256232776580192, 48.83962643773127], [2.256339697658552, 48.83964868384314], [2.256373125766909, 48.83957629850882], [2.256334274529208, 48.839526505705344], [2.256022754958326, 48.8394651522381], [2.255952004544861, 48.8394851067565], [2.255916048577305, 48.83956053772046]]], ""type"": ""Polygon""}";48.839544023530145,2.256158110465575
PDP;Parc des Princes;Parking vélo Parc des Princes;Place du Général Stefanik, 75016 Paris;"{""coordinates"": [[[2.256260248858192, 48.83982071750623], [2.256152661229886, 48.83980250905664], [2.256127131109509, 48.83986043114243], [2.255910422428684, 48.83981339380456], [2.255930724354119, 48.839764948676326], [2.25582698241352, 48.83974739057238], [2.255788100633084, 48.83982895763013], [2.255820837936974, 48.839868995259486], [2.256152557025322, 48.83993545122093], [2.256218218482696, 48.83991173009307], [2.256260248858192, 48.83982071750623]]], ""type"": ""Polygon""}";48.83985204548461,2.2560157659709836
VEL;Vélodrome National de Saint-Quentin-en-Yvelines;Parking vélo Vélodrome National;Institut Franco-Japonais, 7 Rue Jean Pierre Timbaud, 78180 Montigny-le-Bretonneux;"{""coordinates"": [[[2.034025079404004, 48.79046775597351], [2.03428815103496, 48.79041843931777], [2.034035490878131, 48.79003453415703], [2.033808503673816, 48.79009431056136], [2.034025079404004, 48.79046775597351]]], ""type"": ""Polygon""}";48.790256915365134,2.0340422583994795
SPA;Arena Paris Sud;Parking vélo Arena Paris Sud;Intersection Avenue de la Porte de la Plaine et Avenue Albert Bartholomé, 75015 Paris;"{""coordinates"": [[[2.292516516033342, 48.82956384069465], [2.293022392404104, 48.829246022839044], [2.293044025632772, 48.82923206246648], [2.293092823915667, 48.82922164318982], [2.293141366178655, 48.82923013934459], [2.293274253958648, 48.82918502401893], [2.293238498315378, 48.829084010249446], [2.293379056809586, 48.82905797764797], [2.293354870568867, 48.829007625007854], [2.292571438131483, 48.82912869574216], [2.292536331970182, 48.829126108511], [2.292537883360669, 48.8292451541228], [2.292522068520102, 48.82924762307471], [2.292519041197583, 48.82933882932432], [2.29264124082231, 48.829336730571185], [2.292702103479457, 48.82937621538214], [2.292512566141038, 48.82949635442088], [2.292516516033342, 48.82956384069465]]], ""type"": ""Polygon""}";48.829215590105186,2.2928642728910003
RGA;Stade Roland Garros;Parking vélo Roland Garros;Sud de l'Avenue de Saint-Cloud, proche du Carrefour des Anciens Combattants, 75016 Paris;"{""coordinates"": [[[2.243207142078395, 48.8491630263754], [2.243330996399876, 48.849105164702884], [2.243003356561247, 48.84879969548474], [2.242879502239766, 48.848857556327964], [2.243207142078395, 48.8491630263754]]], ""type"": ""Polygon""}";48.84898136085326,2.243105249431783
DEF;Paris La Défense Arena;Parking vélo Paris la Defense Arena - Arche;Place Carpeaux, 92800 Puteaux;"{""coordinates"": [[[2.237769968447017, 48.893605302216315], [2.238062328749471, 48.89380280748593], [2.238201803875447, 48.893894505674055], [2.238341279001388, 48.89375695773821], [2.237826294611955, 48.89354181796079], [2.237804836554754, 48.89359295796338], [2.237769968447017, 48.893605302216315]]], ""type"": ""Polygon""}";48.8937175086811,2.238068068310757
VER;Château de Versailles;Parking vélo Versailles - Trianon Est;Intersection Avenue de la Porte de la Plaine et Avenue Albert Bartholomé, 75015 Paris;"{""coordinates"": [[[2.112104498722771, 48.8126316280215], [2.112807237294785, 48.81236668277121], [2.112576567896135, 48.81205227864243], [2.111889921744091, 48.812310160487016], [2.112104498722771, 48.8126316280215]]], ""type"": ""Polygon""}";48.81234087717832,2.112344855844686
PDP;Parc des Princes;Parking vélo Parc des Princes;Place du Général Stefanik, 75016 Paris;"{""coordinates"": [[[2.256338636748213, 48.83964724889648], [2.256232776580192, 48.83962643773127], [2.256209421281121, 48.83967681458312], [2.255993779798847, 48.83963085668279], [2.25601661856662, 48.83958146302308], [2.255916048577305, 48.83956053772046], [2.25582698241352, 48.83974739057238], [2.255930724354119, 48.839764948676326], [2.255948555912504, 48.83971797096424], [2.256168012539784, 48.83976181154848], [2.256152661229886, 48.83980250905664], [2.256260248858192, 48.83982071750623], [2.256338636748213, 48.83964724889648]]], ""type"": ""Polygon""}";48.83969487496994,2.256082357456609
LCO;La Concorde;Parking vélo Concorde - Tuileries;Quai des Tuileries, 75001 Paris;"{""coordinates"": [[[2.325038271875008, 48.86262357884688], [2.325002143430908, 48.86257269142992], [2.323129513593031, 48.863178659529794], [2.323173681958918, 48.863235534573995], [2.325038271875008, 48.86262357884688]]], ""type"": ""Polygon""}";48.8629091322133,2.3240658815116353
DEF;Paris La Défense Arena;Parking vélo Paris la Defense Arena - Mandela;Place Nelson Mandela, 92000 Nanterre;"{""coordinates"": [[[2.218928041619513, 48.89803814304063], [2.219382943987811, 48.89792529229059], [2.219142617699863, 48.897581096903835], [2.218704881238334, 48.897741909942766], [2.218928041619513, 48.89803814304063]]], ""type"": ""Polygon""}";48.89781920089077,2.2190440593863165
ELA;Colline d'Elancourt;Parking vélo colline d'Elancourt;Terrain de sport du collège la Clef de Saint-Pierre, 5 Rue de Dublin, 78990 Élancourt;"{""coordinates"": [[[1.969157260223894, 48.79178100345884], [1.968825756731215, 48.791312735749905], [1.967534479714261, 48.79171082507001], [1.967828385119023, 48.792176688710285], [1.969157260223894, 48.79178100345884]]], ""type"": ""Polygon""}";48.79174539006779,1.9683397462143541
EIF;Stade Tour Eiffel;Parking vélo Eiffel;Boulevard de Grenelle proche rue St Saëns, 75015 Paris;"{""coordinates"": [[[2.290253587967424, 48.853107119196814], [2.290194554280201, 48.85308616762674], [2.290104880855278, 48.8530509975069], [2.290284129788774, 48.852871017795486], [2.290338563203393, 48.852890945693574], [2.290364937740142, 48.85286064362913], [2.290314020331528, 48.8528410065339], [2.290498737654957, 48.852659418341595], [2.290637485145551, 48.85271946401694], [2.290458428106698, 48.85290026653756], [2.29040075985873, 48.85287798907334], [2.290375801965205, 48.852910203291785], [2.29042738053385, 48.852931620120266], [2.290253587967424, 48.853107119196814]]], ""type"": ""Polygon""}";48.852885154096754,2.2903719086611636
LCO;La Concorde;Parking vélo Concorde - Rivoli;Rue de Rivoli, 75001 Paris;"{""coordinates"": [[[2.333418893214109, 48.86334659263138], [2.333360969844599, 48.86326933477562], [2.332361793517005, 48.86358407829713], [2.332424257870276, 48.863670089548485], [2.333418893214109, 48.86334659263138]]], ""type"": ""Polygon""}";48.863470224465374,2.332883082780821
LGN;Golf National;Parking vélo Golf National;Rue Georges Guynemer, à l'ouest de la place du Général de Gaulle, 78280 Guyancourt;"{""coordinates"": [[[2.069945908465488, 48.756364921074066], [2.068007019790567, 48.756855196025235], [2.068131474186642, 48.7570136322881], [2.070049790543268, 48.7565411516436], [2.069945908465488, 48.756364921074066]]], ""type"": ""Polygon""}";48.75669092991558,2.0690437999425515
TRO;Trocadéro;Parking vélo Trocadéro;Allée Maria Callas,​ 75016 Paris;"{""coordinates"": [[[2.28597926640332, 48.8631143087028], [2.28596400133171, 48.86305541714282], [2.285191359457527, 48.86314259527784], [2.28520662363084, 48.863201487917145], [2.28597926640332, 48.8631143087028]]], ""type"": ""Polygon""}";48.863128452384636,2.2855853116689038
GRP;Grand Palais;Parking vélo Grand Palais;Avenue des Champs-Elysées, 75008 Paris;"{""coordinates"": [[[2.310905073018396, 48.868461402251164], [2.311598235549484, 48.86824980602422], [2.311517438377915, 48.86814083529353], [2.310832876317338, 48.86835676271684], [2.310905073018396, 48.868461402251164]]], ""type"": ""Polygon""}";48.86830130449388,2.3112165256455133
VER;Château de Versailles;Parking vélo Versailles - Trianon Ouest;Croisement Avenue de Trianon et allée Saint-Antoine, 78000 Versailles​;"{""coordinates"": [[[2.092849193252669, 48.81640291496354], [2.093501627067123, 48.81653778545494], [2.093602894149085, 48.81634436359105], [2.092944654522957, 48.8162163429669], [2.092849193252669, 48.81640291496354]]], ""type"": ""Polygon""}";48.81637572087142,2.093226704742984
STA;Stade de France;Parking vélo Stade de France - Clinique St Denis;Boulevard Anatole France, 93200 St-Denis;"{""coordinates"": [[[2.354785951067593, 48.92899075980041], [2.355266602745193, 48.92936293368718], [2.355395349291733, 48.92930654400784], [2.354966195334406, 48.928911813288934], [2.354785951067593, 48.92899075980041]]], ""type"": ""Polygon""}";48.92913236120498,2.355090888412856
CDM;Arena Champ de Mars;Parking vélo Champ de Mars;Boulevard de Grenelle proche rue du Laos, 75015 Paris;"{""coordinates"": [[[2.300113899869463, 48.84844026229402], [2.300410796664127, 48.84835207489435], [2.300390467789244, 48.848317737912915], [2.300427411005311, 48.8483080160136], [2.300449388288733, 48.848340138590025], [2.300753512928176, 48.848246072112616], [2.300732919050283, 48.848213182764894], [2.300771652608698, 48.848201750080406], [2.300794363815716, 48.84823343764479], [2.300932523808107, 48.84819070400023], [2.300871041313429, 48.84809202100455], [2.300724611430526, 48.848136464318166], [2.300747971221181, 48.84816896356233], [2.300707440133875, 48.848180148565696], [2.300684933742762, 48.84814841604075], [2.300382837499232, 48.84824154692459], [2.300404008993858, 48.84827593656984], [2.300364204643603, 48.84828665040996], [2.300340844852947, 48.84825415183334], [2.300045918962016, 48.84834753789312], [2.300113899869463, 48.84844026229402]]], ""type"": ""Polygon""}";48.84826862112081,2.3004875074952147
DEF;Paris La Défense Arena;Parking vélo Paris la Defense Arena - Arche;Place Carpeaux, 92800 Puteaux;"{""coordinates"": [[[2.238467342280166, 48.89393330114696], [2.238362736160258, 48.89388039854404], [2.238134748232743, 48.89410259039955], [2.238213873639581, 48.89414579453569], [2.238467342280166, 48.89393330114696]]], ""type"": ""Polygon""}";48.894011041734366,2.238299764339385
YDM;Stade Yves-du-Manoir;Parking vélo Yves du Manoir;Rue Robert Schuman, 92700 Colombes;"{""coordinates"": [[[2.241699099786731, 48.92792018572491], [2.241650819831795, 48.92797305288788], [2.242339252732933, 48.928258533420134], [2.242490352058682, 48.928097583681414], [2.243227512275777, 48.92819098186787], [2.243242264409345, 48.92815749938559], [2.242442071205416, 48.92805763964192], [2.241699099786731, 48.92792018572491]]], ""type"": ""Polygon""}";48.92808560828277,2.242257352861577
STA;Stade de France;Parking vélo Stade de France - City Stade;Rue Ahmed Boughera el Ouafi, 93200 St-Denis;"{""coordinates"": [[[2.363247916652297, 48.92299330301299], [2.364475294706482, 48.923049700412164], [2.364475294706482, 48.922807192973686], [2.363290831868367, 48.92276771455019], [2.363247916652297, 48.92299330301299]]], ""type"": ""Polygon""}";48.92290545302272,2.363878777089617
DEF;Paris La Défense Arena;Parking vélo Paris la Defense Arena - Arche;Place Carpeaux, 92800 Puteaux;"{""coordinates"": [[[2.238928681975797, 48.894088483328254], [2.238966233351298, 48.8940620321159], [2.238612182145007, 48.8938909791872], [2.238472707019032, 48.8940197096745], [2.238928681975797, 48.894088483328254]]], ""type"": ""Polygon""}";48.89400237318366,2.2387020820441665
CSB;Clichy-sous-Bois;Parking vélo Clichy-sous-Bois;Allée de Gagny, 93390 Clichy-sous-Bois;"{""coordinates"": [[[2.548927671856943, 48.90592848894625], [2.548868663322572, 48.90598137879877], [2.54905373513572, 48.90629695599904], [2.549177116943361, 48.90633926804586], [2.548927671856943, 48.90592848894625]]], ""type"": ""Polygon""}";48.90613878748625,2.549010221740701
VNS;Stade nautique de Vaires-sur-Marne;Parking vélo Vaires-sur-Marne - Canal;Quai du Port, 77360 Vaires-sur-Marne;"{""coordinates"": [[[2.6410113000424, 48.86560285448768], [2.642032606367024, 48.86569092522527], [2.642016364689232, 48.86576583500496], [2.640998059773415, 48.86567198987611], [2.6410113000424, 48.86560285448768]]], ""type"": ""Polygon""}";48.86568351511593,2.641521586485132
LCO;La Concorde;Parking vélo Concorde - Madeleine;Place Vendôme, 75001 Paris;"{""coordinates"": [[[2.329318783729709, 48.86805711026552], [2.329627237350531, 48.867930665347274], [2.329381368457258, 48.86771012106557], [2.329068443921282, 48.867815982772996], [2.329318783729709, 48.86805711026552]]], ""type"": ""Polygon""}";48.86787991520531,2.329348015724816
LCS;La Courneuve;Parking vélo La Courneuve - Live Site;Avenue Waldeck Rochet, 93120 La Courneuve;;
NPA;Arena Paris Nord;Parking vélo Arena Paris Nord;Avenue des Nations, 93420 Villepinte;"{""coordinates"": [[[2.513726046588306, 48.9732808243296], [2.51388912494835, 48.973311811160535], [2.513938477491753, 48.97320617340723], [2.51377540003004, 48.97318363700185], [2.513726046588306, 48.9732808243296]]], ""type"": ""Polygon""}";48.97324598095734,2.513833214836545
INV / ALX;Invalides / Pont Alexandre III;Parking vélo Invalides;Quai d'Orsay – de la rue Malar à rue Surcouf, 75007 Paris;"{""coordinates"": [[[2.309131729477281, 48.862423048746116], [2.309129659758868, 48.86248338184326], [2.306494352312004, 48.86243676042426], [2.306494981878911, 48.86236699541543], [2.309131729477281, 48.862423048746116]]], ""type"": ""Polygon""}";48.86242692502567,2.307780937148107
VIL;La Villette;Parking vélo La Villette;na;;
LBO;Site d'escalade du Bourget;Parking vélo le Bourget;Rue Anizan Cavillon, 93350 Le Bourget;"{""coordinates"": [[[2.419818879698619, 48.93510357330443], [2.420239450253379, 48.935092296788355], [2.420110704605203, 48.93474271880665], [2.419681550647876, 48.93480474034272], [2.419818879698619, 48.93510357330443]]], ""type"": ""Polygon""}";48.93493357131642,2.419967179308853
STA;Stade de France;Parking vélo Stade de France - Francs Moisins;Cours du Ru de Montfort, 93200 St-Denis;"{""coordinates"": [[[2.36680988856914, 48.92707064006995], [2.367281957742504, 48.927375158751865], [2.367436452700015, 48.92725109596235], [2.367067380763857, 48.92691838091792], [2.36680988856914, 48.92707064006995]]], ""type"": ""Polygon""}";48.92714501636088,2.3671350979294226
STA;Stade de France;Parking vélo Stade de France - Wilson Landy;Avenue du président Wilson, 93200 St-Denis;"{""coordinates"": [[[2.357645635366666, 48.914690618592154], [2.357988957993522, 48.91473010340002], [2.358066205921427, 48.91402501892044], [2.3576799680785, 48.91399681542873], [2.357645635366666, 48.914690618592154]]], ""type"": ""Polygon""}";48.91435403600257,2.3578463818673803
CPL;Arena Porte de la Chapelle;Parking vélo Arena la Chapelle;Boulevard Ney, 75018 Paris;"{""coordinates"": [[[2.364740295020339, 48.89844830609431], [2.366387560909657, 48.89848216282256], [2.366388026236987, 48.89843899727647], [2.364742230889784, 48.89840433087621], [2.364740295020339, 48.89844830609431]]], ""type"": ""Polygon""}";48.898443397428395,2.3655618835280436
VNS;Stade nautique de Vaires-sur-Marne;Parking vélo Vaires-sur-Marne - Base de Loisirs;Carrefour des Cantines, 77200 Torcy;"{""coordinates"": [[[2.646580687717281, 48.860767367324655], [2.647224417754925, 48.861106170407986], [2.647456159742043, 48.8609424157821], [2.646743766077326, 48.860586672472934], [2.646580687717281, 48.860767367324655]]], ""type"": ""Polygon""}";48.86085141151802,2.647006372230517
BCY;Arena Bercy;Parking vélo Arena Bercy;Rue de Bercy, 75012 Paris;"{""coordinates"": [[[2.382621051316023, 48.83771883268396], [2.382457664985049, 48.83765625529143], [2.382736842486782, 48.837439203403726], [2.38318213916975, 48.837085885806545], [2.383201704476633, 48.83707741995627], [2.383226618352733, 48.837073979336864], [2.383255780361808, 48.83707698477912], [2.383266576314892, 48.837078468875085], [2.38341481630308, 48.83716275599264], [2.383424430073251, 48.83717279934265], [2.38343395221525, 48.83719069537408], [2.383433724043154, 48.837209968470994], [2.383412822043124, 48.83723984364861], [2.383208938609625, 48.837354761247276], [2.383187776996467, 48.837340529375936], [2.382621051316023, 48.83771883268396]]], ""type"": ""Polygon""}";48.83737675381909,2.3829783227932353
